"clc","lu","desc0","nbs_code","hazard"
1,111,"Continuous urban fabric","NA-7","Heat"
1,111,"Continuous urban fabric","WF-9","Drought"
1,111,"Continuous urban fabric","WF-9","Heat"
1,111,"Continuous urban fabric","NA-15","Other"
1,111,"Continuous urban fabric","ES-22","Floods"
1,111,"Continuous urban fabric","ES-22","Heat"
1,111,"Continuous urban fabric","PO-5","Other"
1,111,"Continuous urban fabric","PO-5","Floods"
1,111,"Continuous urban fabric","PO-5","Heat"
1,111,"Continuous urban fabric","WF-9","Other"
1,111,"Continuous urban fabric","PO-4","Other"
1,111,"Continuous urban fabric","PO-4","Erosion"
1,111,"Continuous urban fabric","PO-4","Floods"
1,111,"Continuous urban fabric","PO-4","Drought"
1,111,"Continuous urban fabric","PO-4","Heat"
1,111,"Continuous urban fabric","PO-3","Other"
1,111,"Continuous urban fabric","PO-3","Floods"
1,111,"Continuous urban fabric","PO-3","Drought"
1,111,"Continuous urban fabric","PO-3","Heat"
1,111,"Continuous urban fabric","PO-1","Other"
1,111,"Continuous urban fabric","PO-1","Floods"
1,111,"Continuous urban fabric","PO-1","Heat"
2,112,"Discontinuous urban fabric","NA-10","Other"
2,112,"Discontinuous urban fabric","CA-1","Floods"
2,112,"Discontinuous urban fabric","WF-6","Other"
2,112,"Discontinuous urban fabric","NA-16","Other"
2,112,"Discontinuous urban fabric","NA-14","Other"
3,121,"Industrial or commercial units","NA-10","Other"
4,122,"Road and rail networks and associated land","ES-13"," Sea level rise"
4,122,"Road and rail networks and associated land","CA-1","Floods"
4,122,"Road and rail networks and associated land","NA-2","Erosion"
4,122,"Road and rail networks and associated land","ES-13","Other"
4,122,"Road and rail networks and associated land","ES-13"," Drought"
4,122,"Road and rail networks and associated land","ES-13","Heat"
5,123,"Port areas","WF-9","Other"
5,123,"Port areas","ES-13","Heat"
5,123,"Port areas","ES-13"," Sea level rise"
5,123,"Port areas","ES-13"," Drought"
5,123,"Port areas","ES-13","Other"
5,123,"Port areas","ES-13","Heat"
5,123,"Port areas","ES-13"," Sea level rise"
5,123,"Port areas","ES-13"," Drought"
5,123,"Port areas","ES-13","Other"
5,123,"Port areas","FRI-5","Sea level rise"
5,123,"Port areas","FRI-5","Drought"
5,123,"Port areas","FRI-5","Floods"
5,123,"Port areas","FRI-5","Erosion"
5,123,"Port areas","FRI-5","Other"
5,123,"Port areas","WF-9","Heat"
5,123,"Port areas","WF-9","Drought"
7,131,"Mineral extraction sites","ES-13","Other"
7,131,"Mineral extraction sites","ES-13"," Drought"
7,131,"Mineral extraction sites","ES-13","Heat"
7,131,"Mineral extraction sites","ES-7","Erosion"
7,131,"Mineral extraction sites","ES-13"," Sea level rise"
7,131,"Mineral extraction sites","ES-7","Flood"
7,131,"Mineral extraction sites","NA-13","Other"
8,132,"Dump sites","ES-13","Other"
8,132,"Dump sites","ES-13"," Drought"
8,132,"Dump sites","ES-13"," Sea level rise"
8,132,"Dump sites","ES-13","Heat"
9,133,"Construction sites","FRI-4","Heat"
9,133,"Construction sites","FRI-4","Other"
10,141,"Green urban areas","NA-7","Heat"
10,141,"Green urban areas","ES-13"," Drought"
10,141,"Green urban areas","CA-1","Floods"
10,141,"Green urban areas","PO-6","Heat"
10,141,"Green urban areas","PO-6","Erosion"
10,141,"Green urban areas","PO-6","Floods"
10,141,"Green urban areas","EF-4","Other"
10,141,"Green urban areas","PO-6","Other"
10,141,"Green urban areas","ES-23","Heat"
10,141,"Green urban areas","ES-13","Other"
10,141,"Green urban areas","ES-15","Other"
10,141,"Green urban areas","ES-13"," Sea level rise"
10,141,"Green urban areas","ES-13","Heat"
10,141,"Green urban areas","WF-13","Other"
11,142,"Sport and leisure facilities","EF-4","Other"
12,211,"Non-irrigated arable land","WF-3","Drought"
12,211,"Non-irrigated arable land","WF-17","Heat"
12,211,"Non-irrigated arable land","WF-17","Drought"
12,211,"Non-irrigated arable land","NA-1","Heat"
12,211,"Non-irrigated arable land","WF-8","Drought"
12,211,"Non-irrigated arable land","WF-20","Other"
12,211,"Non-irrigated arable land","WF-20","Drought"
12,211,"Non-irrigated arable land","WF-17","Erosion"
12,211,"Non-irrigated arable land","WF-17","Other"
12,211,"Non-irrigated arable land","WF-2","Other"
12,211,"Non-irrigated arable land","WF-2","Drought"
12,211,"Non-irrigated arable land","NA-9","Erosion"
12,211,"Non-irrigated arable land","WF-11","Drought"
12,211,"Non-irrigated arable land","WF-12","Erosion"
12,211,"Non-irrigated arable land","WF-12","Other"
12,211,"Non-irrigated arable land","WF-16","Heat"
12,211,"Non-irrigated arable land","WF-16","Drought"
12,211,"Non-irrigated arable land","WF-16","Erosion"
12,211,"Non-irrigated arable land","WF-16","Other"
12,211,"Non-irrigated arable land","WF-4","Erosion"
12,211,"Non-irrigated arable land","WF-4","Floods"
12,211,"Non-irrigated arable land","WF-4","Drought"
12,211,"Non-irrigated arable land","NA-1","Other"
12,211,"Non-irrigated arable land","NA-1","Floods"
12,211,"Non-irrigated arable land","WF-3","Erosion"
12,211,"Non-irrigated arable land","WF-3","Floods"
12,211,"Non-irrigated arable land","NA-1","Drought"
12,211,"Non-irrigated arable land","WF-8","Other"
12,211,"Non-irrigated arable land","WF-8","Floods"
13,212,"Permanently irrigated land","WF-20","Drought"
13,212,"Permanently irrigated land","WF-16","Other"
13,212,"Permanently irrigated land","EF-1","Other"
13,212,"Permanently irrigated land","WF-16","Heat"
13,212,"Permanently irrigated land","WF-20","Other"
13,212,"Permanently irrigated land","WF-8","Drought"
13,212,"Permanently irrigated land","WF-8","Floods"
13,212,"Permanently irrigated land","WF-8","Other"
13,212,"Permanently irrigated land","WF-3","Erosion"
13,212,"Permanently irrigated land","WF-3","Floods"
13,212,"Permanently irrigated land","WF-3","Drought"
13,212,"Permanently irrigated land","NA-17","Erosion"
13,212,"Permanently irrigated land","WF-16","Erosion"
13,212,"Permanently irrigated land","EF-1","Floods"
13,212,"Permanently irrigated land","WF-18","Other"
13,212,"Permanently irrigated land","WF-17","Other"
13,212,"Permanently irrigated land","WF-17","Erosion"
13,212,"Permanently irrigated land","WF-17","Drought"
13,212,"Permanently irrigated land","WF-17","Heat"
13,212,"Permanently irrigated land","NA-17","Drought"
13,212,"Permanently irrigated land","FRI-1","Other"
13,212,"Permanently irrigated land","FRI-1","Drought"
13,212,"Permanently irrigated land","NA-17","Heat"
13,212,"Permanently irrigated land","CA-1","Floods"
13,212,"Permanently irrigated land","NA-17","Floods"
13,212,"Permanently irrigated land","EF-5","Erosion"
13,212,"Permanently irrigated land","EF-1","Erosion"
13,212,"Permanently irrigated land","CA-2","Heat"
13,212,"Permanently irrigated land","CA-2","Other"
13,212,"Permanently irrigated land","EF-1","Drought"
13,212,"Permanently irrigated land","CA-2","Floods"
13,212,"Permanently irrigated land","WF-16","Drought"
13,212,"Permanently irrigated land","CA-2","Drought"
16,222,"Fruit trees and berry plantations","WF-4","Erosion"
16,222,"Fruit trees and berry plantations","WF-4","Floods"
16,222,"Fruit trees and berry plantations","WF-4","Drought"
18,231,"Pastures","NA-1","Floods"
18,231,"Pastures","NA-1","Other"
18,231,"Pastures","NA-12","Drought"
18,231,"Pastures","NA-12","Heat"
18,231,"Pastures","CA-2","Floods"
18,231,"Pastures","CA-2","Drought"
18,231,"Pastures","WF-8","Other"
18,231,"Pastures","WF-8","Floods"
18,231,"Pastures","WF-8","Drought"
18,231,"Pastures","EF-2","Flood"
18,231,"Pastures","EF-3","Drought"
18,231,"Pastures","EF-3","Floods"
18,231,"Pastures","WF-7","Other"
18,231,"Pastures","EF-5","Erosion"
18,231,"Pastures","WF-3","Erosion"
18,231,"Pastures","WF-3","Floods"
18,231,"Pastures","WF-3","Drought"
18,231,"Pastures","WF-21","Other"
18,231,"Pastures","WF-21","Floods"
18,231,"Pastures","WF-21","Drought"
18,231,"Pastures","WF-20","Other"
18,231,"Pastures","ES-14","Erosion"
18,231,"Pastures","ES-14","Other"
18,231,"Pastures","WF-20","Drought"
18,231,"Pastures","ES-19","Fires"
18,231,"Pastures","ES-19","Erosion"
18,231,"Pastures","ES-2","Erosion"
18,231,"Pastures","ES-2","Other"
18,231,"Pastures","WF-17","Other"
18,231,"Pastures","WF-17","Erosion"
18,231,"Pastures","WF-17","Drought"
18,231,"Pastures","WF-17","Heat"
18,231,"Pastures","CA-2","Other"
18,231,"Pastures","ES-25","Heat"
18,231,"Pastures","ES-25","Drought"
18,231,"Pastures","ES-25","Other"
18,231,"Pastures","ES-4","Fires"
18,231,"Pastures","ES-4","Other"
18,231,"Pastures","ES-5","Other"
18,231,"Pastures","WF-11","Drought"
18,231,"Pastures","WF-10","Floods"
18,231,"Pastures","WF-10","Drought"
18,231,"Pastures","FRI-1","Drought"
18,231,"Pastures","FRI-1","Other"
18,231,"Pastures","FRI-2","Drought"
18,231,"Pastures","FRI-2","Erosion"
18,231,"Pastures","FRI-2","Other"
18,231,"Pastures","NA-9","Erosion"
18,231,"Pastures","NA-6","Heat"
18,231,"Pastures","CA-2","Heat"
18,231,"Pastures","NA-12","Other"
18,231,"Pastures","NA-1","Heat"
18,231,"Pastures","NA-1","Drought"
19,241,"Annual crops associated with permanent crops","WF-20","Drought"
19,241,"Annual crops associated with permanent crops","NA-1","Other"
19,241,"Annual crops associated with permanent crops","NA-12","Other"
19,241,"Annual crops associated with permanent crops","NA-9","Erosion"
19,241,"Annual crops associated with permanent crops","WF-8","Floods"
19,241,"Annual crops associated with permanent crops","WF-7","Other"
19,241,"Annual crops associated with permanent crops","NA-1","Heat"
19,241,"Annual crops associated with permanent crops","NA-1","Floods"
19,241,"Annual crops associated with permanent crops","NA-12","Drought"
19,241,"Annual crops associated with permanent crops","NA-1","Drought"
19,241,"Annual crops associated with permanent crops","WF-20","Other"
19,241,"Annual crops associated with permanent crops","NA-12","Heat"
19,241,"Annual crops associated with permanent crops","WF-8","Drought"
19,241,"Annual crops associated with permanent crops","CA-1","Floods"
19,241,"Annual crops associated with permanent crops","WF-8","Other"
19,241,"Annual crops associated with permanent crops","NA-16","Other"
20,242,"Complex cultivation patterns","EF-1","Other"
20,242,"Complex cultivation patterns","EF-1","Erosion"
20,242,"Complex cultivation patterns","EF-1","Floods"
20,242,"Complex cultivation patterns","WF-11","Drought"
20,242,"Complex cultivation patterns","EF-3","Drought"
20,242,"Complex cultivation patterns","EF-3","Floods"
20,242,"Complex cultivation patterns","EF-1","Drought"
21,243,"Land principally occupied by agriculture with significant areas","WF-11","Drought"
21,243,"Land principally occupied by agriculture with significant areas","CA-2","Other"
21,243,"Land principally occupied by agriculture with significant areas","EF-5","Erosion"
21,243,"Land principally occupied by agriculture with significant areas","CA-2","Floods"
21,243,"Land principally occupied by agriculture with significant areas","DK-7","Other"
21,243,"Land principally occupied by agriculture with significant areas","DK-8","Other"
21,243,"Land principally occupied by agriculture with significant areas","DK-9","Heat"
21,243,"Land principally occupied by agriculture with significant areas","CA-2","Drought"
21,243,"Land principally occupied by agriculture with significant areas","CA-2","Heat"
21,243,"Land principally occupied by agriculture with significant areas","DK-9","Floods"
21,243,"Land principally occupied by agriculture with significant areas","DK-3","Floods"
22,244,"Agro-forestry areas","ES-4","Fires"
22,244,"Agro-forestry areas","ES-19","Erosion"
22,244,"Agro-forestry areas","ES-19","Fires"
22,244,"Agro-forestry areas","ES-4","Other"
22,244,"Agro-forestry areas","CA-1","Floods"
22,244,"Agro-forestry areas","CA-2","Other"
22,244,"Agro-forestry areas","CA-2","Floods"
22,244,"Agro-forestry areas","CA-2","Drought"
22,244,"Agro-forestry areas","CA-2","Heat"
23,311,"Broad-leaved forest","ES-10","Erosion"
23,311,"Broad-leaved forest","ES-20","Erosion"
23,311,"Broad-leaved forest","ES-10","Other"
23,311,"Broad-leaved forest","ES-20","Other"
23,311,"Broad-leaved forest","ES-17","Floods"
23,311,"Broad-leaved forest","ES-17","Erosion"
23,311,"Broad-leaved forest","ES-20","Heat"
23,311,"Broad-leaved forest","ES-20","Floods"
23,311,"Broad-leaved forest","ES-10","Fires"
23,311,"Broad-leaved forest","ES-10","Drought"
24,312,"Coniferous forest","ES-3","Fires"
24,312,"Coniferous forest","CA-1","Floods"
24,312,"Coniferous forest","ES-3","Erosion"
24,312,"Coniferous forest","ES-3","Other"
24,312,"Coniferous forest","ES-17","Erosion"
24,312,"Coniferous forest","ES-17","Floods"
25,313,"Mixed forest","EF-4","Other"
25,313,"Mixed forest","ES-17","Floods"
25,313,"Mixed forest","CA-2","Drought"
25,313,"Mixed forest","ES-18","Other"
25,313,"Mixed forest","ES-18","Erosion"
25,313,"Mixed forest","ES-18","Floods"
25,313,"Mixed forest","ES-18","Drought"
25,313,"Mixed forest","ES-18","Heat"
25,313,"Mixed forest","ES-17","Erosion"
25,313,"Mixed forest","CA-2","Floods"
25,313,"Mixed forest","CA-2","Heat"
25,313,"Mixed forest","CA-2","Other"
25,313,"Mixed forest","NA-9","Erosion"
26,321,"Natural grasslands","ES-1","Other"
26,321,"Natural grasslands","NA-12","Heat"
26,321,"Natural grasslands","FRI-2","Drought"
26,321,"Natural grasslands","FRI-2","Erosion"
26,321,"Natural grasslands","FRI-2","Other"
26,321,"Natural grasslands","NA-12","Drought"
26,321,"Natural grasslands","WF-10","Drought"
26,321,"Natural grasslands","NA-12","Other"
26,321,"Natural grasslands","WF-10","Floods"
26,321,"Natural grasslands","WF-8","Drought"
26,321,"Natural grasslands","EF-3","Floods"
26,321,"Natural grasslands","WF-5","Other"
26,321,"Natural grasslands","WF-5","Heat"
26,321,"Natural grasslands","EF-3","Drought"
26,321,"Natural grasslands","FRI-5","Sea level rise"
26,321,"Natural grasslands","FRI-5","Drought"
26,321,"Natural grasslands","FRI-5","Floods"
26,321,"Natural grasslands","FRI-5","Erosion"
26,321,"Natural grasslands","FRI-5","Other"
26,321,"Natural grasslands","DK-2","Other"
26,321,"Natural grasslands","WF-8","Floods"
26,321,"Natural grasslands","NA-5","Other"
26,321,"Natural grasslands","WF-8","Other"
26,321,"Natural grasslands","DK-2","Floods"
26,321,"Natural grasslands","EF-2","Flood"
26,321,"Natural grasslands","WF-21","Other"
26,321,"Natural grasslands","WF-21","Floods"
26,321,"Natural grasslands","ES-19","Fires"
26,321,"Natural grasslands","ES-19","Erosion"
26,321,"Natural grasslands","NA-3","Other"
26,321,"Natural grasslands","ES-2","Erosion"
26,321,"Natural grasslands","ES-2","Other"
26,321,"Natural grasslands","NA-2","Erosion"
26,321,"Natural grasslands","WF-21","Drought"
26,321,"Natural grasslands","ES-14","Erosion"
26,321,"Natural grasslands","ES-14","Other"
26,321,"Natural grasslands","ES-15","Other"
27,322,"Moors and heathland","ES-19","Erosion"
27,322,"Moors and heathland","EF-3","Drought"
27,322,"Moors and heathland","ES-14","Other"
27,322,"Moors and heathland","EF-3","Floods"
27,322,"Moors and heathland","NA-4","Floods"
27,322,"Moors and heathland","ES-19","Fires"
27,322,"Moors and heathland","ES-14","Erosion"
29,324,"Transitional woodland-shrub","WF-1","Other"
29,324,"Transitional woodland-shrub","ES-4","Other"
29,324,"Transitional woodland-shrub","WF-14","Other"
29,324,"Transitional woodland-shrub","EF-4","Other"
29,324,"Transitional woodland-shrub","ES-4","Fires"
30,331,"Beaches","WF-5","Heat"
30,331,"Beaches","FRI-5","Drought"
30,331,"Beaches","FRI-5","Sea level rise"
30,331,"Beaches","CA-1","Floods"
30,331,"Beaches","WF-5","Other"
30,331,"Beaches","NA-2","Erosion"
30,331,"Beaches","FRI-5","Other"
30,331,"Beaches","FRI-5","Erosion"
30,331,"Beaches","FRI-5","Floods"
31,332,"Bare rocks","NA-7","Heat"
31,332,"Bare rocks","ES-4","Fires"
31,332,"Bare rocks","FRI-5","Floods"
31,332,"Bare rocks","FRI-5","Erosion"
31,332,"Bare rocks","FRI-5","Other"
31,332,"Bare rocks","ES-4","Other"
31,332,"Bare rocks","FRI-5","Sea level rise"
31,332,"Bare rocks","FRI-5","Drought"
32,333,"Sparsely vegetated areas","ES-6","Drought"
32,333,"Sparsely vegetated areas","ES-1","Other"
32,333,"Sparsely vegetated areas","ES-4","Fires"
32,333,"Sparsely vegetated areas","ES-4","Other"
32,333,"Sparsely vegetated areas","ES-6","Fires"
32,333,"Sparsely vegetated areas","ES-6","Erosion"
32,333,"Sparsely vegetated areas","ES-6","Other"
32,333,"Sparsely vegetated areas","FRI-5","Sea level rise"
32,333,"Sparsely vegetated areas","FRI-5","Drought"
32,333,"Sparsely vegetated areas","FRI-5","Floods"
32,333,"Sparsely vegetated areas","FRI-5","Erosion"
32,333,"Sparsely vegetated areas","FRI-5","Other"
32,333,"Sparsely vegetated areas","NA-11","Floods"
32,333,"Sparsely vegetated areas","NA-11","Other"
32,333,"Sparsely vegetated areas","NA-2","Erosion"
32,333,"Sparsely vegetated areas","NA-3","Other"
32,333,"Sparsely vegetated areas","NA-7","Heat"
32,333,"Sparsely vegetated areas","CA-1","Floods"
33,334,"Burnt areas","ES-6","Erosion"
33,334,"Burnt areas","ES-6","Drought"
33,334,"Burnt areas","ES-4","Other"
33,334,"Burnt areas","ES-6","Other"
33,334,"Burnt areas","ES-4","Fires"
33,334,"Burnt areas","ES-6","Fires"
35,411,"Inland marshes","DK-1","Other"
35,411,"Inland marshes","DK-1","Floods"
35,411,"Inland marshes","EF-2","Flood"
35,411,"Inland marshes","EF-3","Drought"
35,411,"Inland marshes","EF-3","Floods"
35,411,"Inland marshes","EF-4","Other"
35,411,"Inland marshes","ES-12","Erosion"
35,411,"Inland marshes","ES-12","Other"
35,411,"Inland marshes","ES-13","Heat"
35,411,"Inland marshes","ES-13"," Sea level rise"
35,411,"Inland marshes","ES-13"," Drought"
35,411,"Inland marshes","ES-13","Other"
35,411,"Inland marshes","WF-3","Erosion"
35,411,"Inland marshes","WF-3","Floods"
35,411,"Inland marshes","NA-16","Other"
35,411,"Inland marshes","CA-1","Floods"
35,411,"Inland marshes","NA-1","Other"
35,411,"Inland marshes","NA-1","Floods"
35,411,"Inland marshes","NA-1","Drought"
35,411,"Inland marshes","NA-1","Heat"
35,411,"Inland marshes","NA-9","Erosion"
35,411,"Inland marshes","NA-12","Heat"
35,411,"Inland marshes","NA-12","Drought"
35,411,"Inland marshes","NA-12","Heat"
35,411,"Inland marshes","NA-12","Other"
35,411,"Inland marshes","NA-12","Drought"
35,411,"Inland marshes","ES-7","Flood"
35,411,"Inland marshes","ES-7","Erosion"
35,411,"Inland marshes","WF-11","Drought"
35,411,"Inland marshes","WF-10","Floods"
35,411,"Inland marshes","WF-10","Drought"
35,411,"Inland marshes","WF-3","Drought"
35,411,"Inland marshes","NA-12","Other"
35,411,"Inland marshes","ES-15","Other"
35,411,"Inland marshes","NA-6","Heat"
36,412,"Peat bogs","DK-9","Floods"
36,412,"Peat bogs","FRI-2","Other"
36,412,"Peat bogs","FRI-1","Drought"
36,412,"Peat bogs","FRI-2","Erosion"
36,412,"Peat bogs","ES-2","Erosion"
36,412,"Peat bogs","FRI-2","Drought"
36,412,"Peat bogs","ES-2","Other"
36,412,"Peat bogs","DK-7","Other"
36,412,"Peat bogs","FRI-1","Other"
36,412,"Peat bogs","DK-9","Heat"
36,412,"Peat bogs","DK-8","Other"
37,421,"Salt marshes","ES-13"," Drought"
37,421,"Salt marshes","FRI-5","Other"
37,421,"Salt marshes","FRI-5","Erosion"
37,421,"Salt marshes","FRI-5","Floods"
37,421,"Salt marshes","FRI-5","Drought"
37,421,"Salt marshes","FRI-5","Sea level rise"
37,421,"Salt marshes","ES-8","Erosion"
37,421,"Salt marshes","ES-8","Floods"
37,421,"Salt marshes","ES-21","Erosion"
37,421,"Salt marshes","ES-21","Floods"
37,421,"Salt marshes","ES-21","Sea level rise"
37,421,"Salt marshes","ES-13","Other"
37,421,"Salt marshes","ES-13"," Sea level rise"
37,421,"Salt marshes","ES-13","Heat"
37,421,"Salt marshes","WF-8","Other"
37,421,"Salt marshes","WF-8","Floods"
37,421,"Salt marshes","WF-8","Drought"
37,421,"Salt marshes","ES-12","Other"
37,421,"Salt marshes","ES-12","Erosion"
37,421,"Salt marshes","WF-5","Heat"
37,421,"Salt marshes","WF-5","Other"
38,422,"Salines","WF-7","Other"
39,423,"Intertidal flats","FRI-5","Other"
39,423,"Intertidal flats","FRI-5","Erosion"
39,423,"Intertidal flats","FRI-5","Sea level rise"
39,423,"Intertidal flats","FRI-5","Drought"
39,423,"Intertidal flats","FRI-5","Floods"
40,511,"Water courses","EF-1","Erosion"
40,511,"Water courses","PO-2","Floods"
40,511,"Water courses","FRI-5","Sea level rise"
40,511,"Water courses","WF-7","Other"
40,511,"Water courses","EF-3","Floods"
40,511,"Water courses","EF-3","Drought"
40,511,"Water courses","PO-2","Other"
40,511,"Water courses","ES-24","Other"
40,511,"Water courses","FRI-5","Drought"
40,511,"Water courses","FRI-5","Floods"
40,511,"Water courses","EF-2","Flood"
40,511,"Water courses","FRI-5","Erosion"
40,511,"Water courses","EF-1","Other"
40,511,"Water courses","ES-24","Floods"
40,511,"Water courses","ES-24","Drought"
40,511,"Water courses","ES-24","Heat"
40,511,"Water courses","CA-2","Other"
40,511,"Water courses","FRI-5","Other"
40,511,"Water courses","WF-8","Other"
40,511,"Water courses","WF-1","Other"
40,511,"Water courses","ES-20","Other"
40,511,"Water courses","ES-20","Erosion"
40,511,"Water courses","ES-20","Floods"
40,511,"Water courses","ES-20","Heat"
40,511,"Water courses","CA-2","Floods"
40,511,"Water courses","PO-2","Drought"
40,511,"Water courses","FRI-1","Drought"
40,511,"Water courses","WF-19","Heat"
40,511,"Water courses","WF-19","Drought"
40,511,"Water courses","WF-19","Other"
40,511,"Water courses","FRI-1","Other"
40,511,"Water courses","ES-16","Erosion"
40,511,"Water courses","ES-16","Floods"
40,511,"Water courses","NA-4","Floods"
40,511,"Water courses","WF-10","Drought"
40,511,"Water courses","PO-2","Heat"
40,511,"Water courses","DK-1","Floods"
40,511,"Water courses","DK-1","Other"
40,511,"Water courses","WF-20","Drought"
40,511,"Water courses","WF-20","Other"
40,511,"Water courses","CA-2","Heat"
40,511,"Water courses","WF-8","Floods"
40,511,"Water courses","WF-8","Drought"
40,511,"Water courses","NA-9","Erosion"
40,511,"Water courses","NA-8","Erosion"
40,511,"Water courses","WF-21","Drought"
40,511,"Water courses","WF-21","Floods"
40,511,"Water courses","WF-21","Other"
40,511,"Water courses","NA-3","Other"
40,511,"Water courses","WF-13","Other"
40,511,"Water courses","CA-2","Drought"
40,511,"Water courses","WF-10","Floods"
40,511,"Water courses","ES-4","Other"
40,511,"Water courses","NA-17","Erosion"
40,511,"Water courses","NA-17","Floods"
40,511,"Water courses","FRI-2","Other"
40,511,"Water courses","FRI-2","Erosion"
40,511,"Water courses","CA-1","Floods"
40,511,"Water courses","FRI-2","Drought"
40,511,"Water courses","ES-4","Fires"
40,511,"Water courses","WF-3","Drought"
40,511,"Water courses","WF-3","Floods"
40,511,"Water courses","WF-3","Erosion"
40,511,"Water courses","NA-1","Heat"
40,511,"Water courses","NA-1","Drought"
40,511,"Water courses","NA-17","Drought"
40,511,"Water courses","NA-17","Heat"
40,511,"Water courses","EF-1","Drought"
40,511,"Water courses","ES-11","Erosion"
40,511,"Water courses","EF-1","Floods"
40,511,"Water courses","ES-11","Floods"
40,511,"Water courses","EF-5","Erosion"
40,511,"Water courses","EF-4","Other"
40,511,"Water courses","NA-1","Floods"
40,511,"Water courses","NA-1","Other"
41,512,"Water bodies","ES-9","Other"
41,512,"Water bodies","ES-7","Erosion"
41,512,"Water bodies","ES-7","Flood"
41,512,"Water bodies","WF-14","Other"
41,512,"Water bodies","ES-2","Other"
41,512,"Water bodies","ES-2","Erosion"
41,512,"Water bodies","ES-14","Other"
41,512,"Water bodies","ES-14","Erosion"
41,512,"Water bodies","FRI-5","Sea level rise"
41,512,"Water bodies","EF-1","Other"
41,512,"Water bodies","EF-1","Erosion"
41,512,"Water bodies","EF-1","Floods"
41,512,"Water bodies","FRI-5","Drought"
41,512,"Water bodies","FRI-5","Floods"
41,512,"Water bodies","FRI-5","Erosion"
41,512,"Water bodies","FRI-5","Other"
41,512,"Water bodies","EF-1","Drought"
41,512,"Water bodies","EF-4","Other"
41,512,"Water bodies","EF-3","Floods"
41,512,"Water bodies","EF-3","Drought"
41,512,"Water bodies","CA-1","Floods"
42,521,"Coastal lagoons","ES-12","Erosion"
42,521,"Coastal lagoons","ES-12","Other"
42,521,"Coastal lagoons","ES-13","Heat"
42,521,"Coastal lagoons","ES-13"," Sea level rise"
42,521,"Coastal lagoons","ES-13"," Drought"
42,521,"Coastal lagoons","ES-13","Other"
42,521,"Coastal lagoons","ES-15","Other"
43,522,"Estuaries","ES-21","Sea level rise"
43,522,"Estuaries","ES-21","Floods"
43,522,"Estuaries","ES-21","Erosion"
43,522,"Estuaries","CA-1","Floods"
44,523,"Sea and ocean","CA-1","Floods"
44,523,"Sea and ocean","FRI-5","Drought"
44,523,"Sea and ocean","FRI-5","Floods"
44,523,"Sea and ocean","FRI-5","Other"
44,523,"Sea and ocean","FRI-5","Erosion"
44,523,"Sea and ocean","FRI-5","Sea level rise"
